<?xml version="1.0" encoding="UTF-8"?>
<!--
 This is a WordPress eXtended RSS file generated by WordPress as an export of your site.
 It contains information about your site's posts, pages, comments, categories, and other content.
 You may use this file to transfer that content from one site to another.
 This file is not intended to serve as a complete backup of your site.

 To import this information into a WordPress site follow these steps:
 1. Log in to that site as an administrator.
 2. Go to Tools: Import in the WordPress admin panel.
 3. Install the "WordPress" importer from the list.
 4. Activate & Run Importer.
 5. Upload this file using the form provided on that page.
 6. You will first be asked to map the authors in this export file to users
    on the site. For each author, you may choose to map to an
    existing user on the site or to create a new user.
 7. WordPress will then import each of the posts, pages, comments, categories, etc.
    contained in this file into your site.
-->
<!-- generator="WordPress.com" created="2022-04-04 03:27"-->
<rss version="2.0" xmlns:excerpt="http://wordpress.org/export/1.2/excerpt/" xmlns:content="http://purl.org/rss/1.0/modules/content/" xmlns:wfw="http://wellformedweb.org/CommentAPI/" xmlns:dc="http://purl.org/dc/elements/1.1/" xmlns:wp="http://wordpress.org/export/1.2/">
  <channel>
<title>Infonxt</title>
<link>http://proinfosoft.data.blog</link>
<description/>
<pubDate>Mon, 04 Apr 2022 03:27:58 +0000</pubDate>
<language>en-GB</language>
<wp:wxr_version>1.2</wp:wxr_version>
<wp:base_site_url>http://wordpress.com/</wp:base_site_url>
<wp:base_blog_url>http://proinfosoft.data.blog</wp:base_blog_url>
<wp:author>
  <wp:author_id>219599762</wp:author_id>
  <wp:author_login>srishmatunki81</wp:author_login>
  <wp:author_email>srishmatunki81@gmail.com</wp:author_email>
  <wp:author_display_name><![CDATA[Srishmatunki]]></wp:author_display_name>
  <wp:author_first_name><![CDATA[]]></wp:author_first_name>
  <wp:author_last_name><![CDATA[]]></wp:author_last_name>
</wp:author>
<wp:category>
  <wp:term_id>2219074</wp:term_id>
  <wp:category_nicename>clay-pots</wp:category_nicename>
  <wp:category_parent/>
  <wp:cat_name><![CDATA[clay pots]]></wp:cat_name>
</wp:category>
<wp:category>
  <wp:term_id>97</wp:term_id>
  <wp:category_nicename>uncategorized</wp:category_nicename>
  <wp:category_parent/>
  <wp:cat_name><![CDATA[Uncategorized]]></wp:cat_name>
</wp:category>
<wp:tag>
  <wp:term_id>473927</wp:term_id>
  <wp:tag_slug>pots</wp:tag_slug>
  <wp:tag_name><![CDATA[#pots]]></wp:tag_name>
</wp:tag>
<wp:term>
  <wp:term_id>1357</wp:term_id>
  <wp:term_taxonomy>nav_menu</wp:term_taxonomy>
  <wp:term_slug>primary</wp:term_slug>
  <wp:term_name><![CDATA[Primary]]></wp:term_name>
</wp:term>
<generator>http://wordpress.com/</generator>

<image>
	<url>https://proinfosoftdata.files.wordpress.com/2022/04/wp-1649010067444.jpg?w=32</url>
	<title>Infonxt</title>
	<link>http://proinfosoft.data.blog</link>
	<width>32</width>
	<height>32</height>
</image> 
<item>
  <title><![CDATA[]]></title>
  <link>http://proinfosoft.data.blog/2022/04/03/5/</link>
  <pubDate>Sun, 03 Apr 2022 16:42:32 +0000</pubDate>
  <dc:creator>srishmatunki81</dc:creator>
  <guid isPermaLink="false">https://proinfosoftdata.wordpress.com/2022/04/03/5/</guid>
  <description/>
  <content:encoded><![CDATA[ ]]></content:encoded>
  <excerpt:encoded><![CDATA[]]></excerpt:encoded>
  <wp:post_id>5</wp:post_id>
  <wp:post_date>2022-04-03 22:17:21</wp:post_date>
  <wp:post_date_gmt>2022-04-03 16:42:32</wp:post_date_gmt>
  <wp:post_modified>2022-04-03 22:17:21</wp:post_modified>
  <wp:post_modified_gmt>2022-04-03 16:47:21</wp:post_modified_gmt>
  <wp:comment_status>closed</wp:comment_status>
  <wp:ping_status>closed</wp:ping_status>
  <wp:post_name>5</wp:post_name>
  <wp:status>publish</wp:status>
  <wp:post_parent>0</wp:post_parent>
  <wp:menu_order>1</wp:menu_order>
  <wp:post_type>nav_menu_item</wp:post_type>
  <wp:post_password/>
  <wp:is_sticky>0</wp:is_sticky>
  <category domain="nav_menu" nicename="primary"><![CDATA[Primary]]></category>
  <wp:postmeta>
    <wp:meta_key>_publicize_pending</wp:meta_key>
    <wp:meta_value><![CDATA[1]]></wp:meta_value>
  </wp:postmeta>
  <wp:postmeta>
    <wp:meta_key>_menu_item_type</wp:meta_key>
    <wp:meta_value><![CDATA[post_type]]></wp:meta_value>
  </wp:postmeta>
  <wp:postmeta>
    <wp:meta_key>_menu_item_menu_item_parent</wp:meta_key>
    <wp:meta_value><![CDATA[0]]></wp:meta_value>
  </wp:postmeta>
  <wp:postmeta>
    <wp:meta_key>_menu_item_object_id</wp:meta_key>
    <wp:meta_value><![CDATA[8]]></wp:meta_value>
  </wp:postmeta>
  <wp:postmeta>
    <wp:meta_key>_menu_item_object</wp:meta_key>
    <wp:meta_value><![CDATA[page]]></wp:meta_value>
  </wp:postmeta>
  <wp:postmeta>
    <wp:meta_key>_menu_item_target</wp:meta_key>
    <wp:meta_value><![CDATA[]]></wp:meta_value>
  </wp:postmeta>
  <wp:postmeta>
    <wp:meta_key>_menu_item_classes</wp:meta_key>
    <wp:meta_value><![CDATA[a:1:{i:0;s:0:"";}]]></wp:meta_value>
  </wp:postmeta>
  <wp:postmeta>
    <wp:meta_key>_menu_item_xfn</wp:meta_key>
    <wp:meta_value><![CDATA[]]></wp:meta_value>
  </wp:postmeta>
  <wp:postmeta>
    <wp:meta_key>_menu_item_url</wp:meta_key>
    <wp:meta_value><![CDATA[]]></wp:meta_value>
  </wp:postmeta>
  <wp:postmeta>
    <wp:meta_key>_menu_item_content</wp:meta_key>
    <wp:meta_value><![CDATA[]]></wp:meta_value>
  </wp:postmeta>
</item>
<item>
  <title><![CDATA[]]></title>
  <link>http://proinfosoft.data.blog/2022/04/03/6/</link>
  <pubDate>Sun, 03 Apr 2022 16:42:33 +0000</pubDate>
  <dc:creator>srishmatunki81</dc:creator>
  <guid isPermaLink="false">https://proinfosoftdata.wordpress.com/2022/04/03/6/</guid>
  <description/>
  <content:encoded><![CDATA[ ]]></content:encoded>
  <excerpt:encoded><![CDATA[]]></excerpt:encoded>
  <wp:post_id>6</wp:post_id>
  <wp:post_date>2022-04-03 17:42:33</wp:post_date>
  <wp:post_date_gmt>2022-04-03 16:42:33</wp:post_date_gmt>
  <wp:post_modified>2022-04-03 17:42:33</wp:post_modified>
  <wp:post_modified_gmt>2022-04-03 16:42:33</wp:post_modified_gmt>
  <wp:comment_status>closed</wp:comment_status>
  <wp:ping_status>closed</wp:ping_status>
  <wp:post_name>6</wp:post_name>
  <wp:status>publish</wp:status>
  <wp:post_parent>0</wp:post_parent>
  <wp:menu_order>2</wp:menu_order>
  <wp:post_type>nav_menu_item</wp:post_type>
  <wp:post_password/>
  <wp:is_sticky>0</wp:is_sticky>
  <category domain="nav_menu" nicename="primary"><![CDATA[Primary]]></category>
  <wp:postmeta>
    <wp:meta_key>_publicize_pending</wp:meta_key>
    <wp:meta_value><![CDATA[1]]></wp:meta_value>
  </wp:postmeta>
  <wp:postmeta>
    <wp:meta_key>_menu_item_type</wp:meta_key>
    <wp:meta_value><![CDATA[post_type]]></wp:meta_value>
  </wp:postmeta>
  <wp:postmeta>
    <wp:meta_key>_menu_item_menu_item_parent</wp:meta_key>
    <wp:meta_value><![CDATA[0]]></wp:meta_value>
  </wp:postmeta>
  <wp:postmeta>
    <wp:meta_key>_menu_item_object_id</wp:meta_key>
    <wp:meta_value><![CDATA[4]]></wp:meta_value>
  </wp:postmeta>
  <wp:postmeta>
    <wp:meta_key>_menu_item_object</wp:meta_key>
    <wp:meta_value><![CDATA[page]]></wp:meta_value>
  </wp:postmeta>
  <wp:postmeta>
    <wp:meta_key>_menu_item_target</wp:meta_key>
    <wp:meta_value><![CDATA[]]></wp:meta_value>
  </wp:postmeta>
  <wp:postmeta>
    <wp:meta_key>_menu_item_classes</wp:meta_key>
    <wp:meta_value><![CDATA[a:1:{i:0;s:0:"";}]]></wp:meta_value>
  </wp:postmeta>
  <wp:postmeta>
    <wp:meta_key>_menu_item_xfn</wp:meta_key>
    <wp:meta_value><![CDATA[]]></wp:meta_value>
  </wp:postmeta>
  <wp:postmeta>
    <wp:meta_key>_menu_item_url</wp:meta_key>
    <wp:meta_value><![CDATA[]]></wp:meta_value>
  </wp:postmeta>
  <wp:postmeta>
    <wp:meta_key>_menu_item_content</wp:meta_key>
    <wp:meta_value><![CDATA[]]></wp:meta_value>
  </wp:postmeta>
</item>
<item>
  <title><![CDATA[Placeholder Image]]></title>
  <link>http://proinfosoft.data.blog/placeholder-image/</link>
  <pubDate>Sun, 03 Apr 2022 16:42:33 +0000</pubDate>
  <dc:creator>srishmatunki81</dc:creator>
  <guid isPermaLink="false">http://proinfosoftdata.files.wordpress.com/2022/04/qi-bin-w4hbafegiac-unsplash.jpg</guid>
  <description/>
  <content:encoded><![CDATA[]]></content:encoded>
  <excerpt:encoded><![CDATA[]]></excerpt:encoded>
  <wp:post_id>7</wp:post_id>
  <wp:post_date>2022-04-03 17:42:33</wp:post_date>
  <wp:post_date_gmt>2022-04-03 16:42:33</wp:post_date_gmt>
  <wp:post_modified>2022-04-03 17:42:33</wp:post_modified>
  <wp:post_modified_gmt>2022-04-03 16:42:33</wp:post_modified_gmt>
  <wp:comment_status>open</wp:comment_status>
  <wp:ping_status>closed</wp:ping_status>
  <wp:post_name>placeholder-image</wp:post_name>
  <wp:status>inherit</wp:status>
  <wp:post_parent>0</wp:post_parent>
  <wp:menu_order>0</wp:menu_order>
  <wp:post_type>attachment</wp:post_type>
  <wp:post_password/>
  <wp:is_sticky>0</wp:is_sticky>
  <wp:attachment_url>https://proinfosoftdata.files.wordpress.com/2022/04/qi-bin-w4hbafegiac-unsplash.jpg</wp:attachment_url>
  <wp:postmeta>
    <wp:meta_key>_wp_attached_file</wp:meta_key>
    <wp:meta_value><![CDATA[/home/wpcom/public_html/wp-content/blogs.dir/350/204915016/files/2022/04/qi-bin-w4hbafegiac-unsplash.jpg]]></wp:meta_value>
  </wp:postmeta>
  <wp:postmeta>
    <wp:meta_key>_wp_attachment_metadata</wp:meta_key>
    <wp:meta_value><![CDATA[a:6:{s:5:"width";i:1600;s:6:"height";i:1066;s:4:"file";s:104:"/home/wpcom/public_html/wp-content/blogs.dir/350/204915016/files/2022/04/qi-bin-w4hbafegiac-unsplash.jpg";s:5:"sizes";a:0:{}s:10:"image_meta";a:12:{s:8:"aperture";s:1:"0";s:6:"credit";s:0:"";s:6:"camera";s:0:"";s:7:"caption";s:0:"";s:17:"created_timestamp";s:1:"0";s:9:"copyright";s:0:"";s:12:"focal_length";s:1:"0";s:3:"iso";s:1:"0";s:13:"shutter_speed";s:1:"0";s:5:"title";s:0:"";s:11:"orientation";s:1:"0";s:8:"keywords";a:0:{}}s:8:"filesize";i:50992;}]]></wp:meta_value>
  </wp:postmeta>
</item>
<item>
  <title><![CDATA[Home]]></title>
  <link>http://proinfosoft.data.blog/</link>
  <pubDate>Sun, 03 Apr 2022 16:47:18 +0000</pubDate>
  <dc:creator>srishmatunki81</dc:creator>
  <guid isPermaLink="false">http://proinfosoft.data.blog/?page_id=8</guid>
  <description/>
  <content:encoded><![CDATA[<!-- wp:spacer {"height":"40px"} -->
<div style="height:40px;" aria-hidden="true" class="wp-block-spacer"></div>
<!-- /wp:spacer -->

<!-- wp:columns {"align":"wide"} -->
<div class="wp-block-columns alignwide"><!-- wp:column {"width":"33.33%"} -->
<div class="wp-block-column" style="flex-basis:33.33%;"><!-- wp:heading {"style":{"typography":{"textTransform":"uppercase","fontSize":"48px","lineHeight":"1.2"}}} -->
<h2 style="font-size:48px;line-height:1.2;text-transform:uppercase;">Infonxt</h2>
<!-- /wp:heading -->

<!-- wp:paragraph -->
<p>I have always loved art and  bird-and-flower paintings  emanate both subtle and rich tones of blue.</p>
<!-- /wp:paragraph -->

<!-- wp:buttons {"style":{"spacing":{"margin":{"top":"0px","bottom":"0px"}}}} -->
<div class="wp-block-buttons" style="margin-top:0;margin-bottom:0;"><!-- wp:button {"fontSize":"small","style":{"border":{"radius":"0px"}}} -->
<div class="wp-block-button has-custom-font-size has-small-font-size"><a class="wp-block-button__link" style="border-radius:0;">READ MORE</a></div>
<!-- /wp:button --></div>
<!-- /wp:buttons --></div>
<!-- /wp:column -->

<!-- wp:column {"width":"66.66%"} -->
<div class="wp-block-column" style="flex-basis:66.66%;"><!-- wp:gallery {"columns":2,"linkTo":"none"} -->
<figure class="wp-block-gallery has-nested-images columns-2 is-cropped"><!-- wp:image {"id":26,"sizeSlug":"large","linkDestination":"none"} -->
<figure class="wp-block-image size-large"><img src="https://calvindemo.files.wordpress.com/2022/01/portfolio_1-1.jpg?w=393" alt="" class="wp-image-26" /></figure>
<!-- /wp:image -->

<!-- wp:image {"id":27,"sizeSlug":"large","linkDestination":"none"} -->
<figure class="wp-block-image size-large"><img src="https://calvindemo.files.wordpress.com/2022/01/portfolio_2-1.jpg?w=394" alt="" class="wp-image-27" /></figure>
<!-- /wp:image -->

<!-- wp:image {"id":28,"sizeSlug":"large","linkDestination":"none"} -->
<figure class="wp-block-image size-large"><img src="https://calvindemo.files.wordpress.com/2022/01/portfolio_3-1.jpg?w=394" alt="" class="wp-image-28" /></figure>
<!-- /wp:image -->

<!-- wp:image {"id":29,"sizeSlug":"large","linkDestination":"none"} -->
<figure class="wp-block-image size-large"><img src="https://calvindemo.files.wordpress.com/2022/01/portfolio_4-1.jpg?w=394" alt="" class="wp-image-29" /></figure>
<!-- /wp:image --></figure>
<!-- /wp:gallery --></div>
<!-- /wp:column --></div>
<!-- /wp:columns -->]]></content:encoded>
  <excerpt:encoded><![CDATA[]]></excerpt:encoded>
  <wp:post_id>8</wp:post_id>
  <wp:post_date>2022-04-03 22:17:18</wp:post_date>
  <wp:post_date_gmt>2022-04-03 16:47:18</wp:post_date_gmt>
  <wp:post_modified>2022-04-03 23:52:58</wp:post_modified>
  <wp:post_modified_gmt>2022-04-03 18:22:58</wp:post_modified_gmt>
  <wp:comment_status>closed</wp:comment_status>
  <wp:ping_status>closed</wp:ping_status>
  <wp:post_name>home-2</wp:post_name>
  <wp:status>publish</wp:status>
  <wp:post_parent>0</wp:post_parent>
  <wp:menu_order>0</wp:menu_order>
  <wp:post_type>page</wp:post_type>
  <wp:post_password/>
  <wp:is_sticky>0</wp:is_sticky>
  <wp:postmeta>
    <wp:meta_key>_tft_homepage_template</wp:meta_key>
    <wp:meta_value><![CDATA[pub/calvin]]></wp:meta_value>
  </wp:postmeta>
  <wp:postmeta>
    <wp:meta_key>_wp_page_template</wp:meta_key>
    <wp:meta_value><![CDATA[header-footer-only]]></wp:meta_value>
  </wp:postmeta>
  <wp:postmeta>
    <wp:meta_key>_publicize_pending</wp:meta_key>
    <wp:meta_value><![CDATA[1]]></wp:meta_value>
  </wp:postmeta>
</item>
<item>
  <title><![CDATA[Home]]></title>
  <link>http://proinfosoft.data.blog/home/</link>
  <pubDate>Sun, 03 Apr 2022 18:23:28 +0000</pubDate>
  <dc:creator>srishmatunki81</dc:creator>
  <guid isPermaLink="false">https://proinfosoftdata.wordpress.com/home/</guid>
  <description/>
  <content:encoded><![CDATA[<!-- wp:cover {"url":"https://defaultstartermobile.files.wordpress.com/2020/10/qi-bin-w4hbafegiac-unsplash.jpg","id":26,"dimRatio":10,"align":"full","className":"is-light"} -->
<div class="wp-block-cover alignfull is-light"><span aria-hidden="true" class="has-background-dim-10 wp-block-cover__gradient-background has-background-dim"></span><img class="wp-block-cover__image-background wp-image-26" alt="" src="https://defaultstartermobile.files.wordpress.com/2020/10/qi-bin-w4hbafegiac-unsplash.jpg" data-object-fit="cover" /><div class="wp-block-cover__inner-container"><!-- wp:columns {"verticalAlignment":"center","style":{"color":{"text":"#ffffff"}}} -->
<div class="wp-block-columns are-vertically-aligned-center has-text-color" style="color:#ffffff;"><!-- wp:column {"verticalAlignment":"center"} -->
<div class="wp-block-column is-vertically-aligned-center"><!-- wp:heading {"textAlign":"center","level":1} -->
<h1 class="has-text-align-center">Welcome to your new site.</h1>
<!-- /wp:heading -->

<!-- wp:paragraph {"align":"center","style":{"color":{"text":"#ffffff"}}} -->
<p class="has-text-align-center has-text-color" style="color:#ffffff;">Start by updating the cover image or adding some new content.</p>
<!-- /wp:paragraph -->

<!-- wp:buttons {"layout":{"type":"flex","justifyContent":"center","orientation":"horizontal"}} -->
<div class="wp-block-buttons"><!-- wp:button -->
<div class="wp-block-button"><a class="wp-block-button__link" href="" rel="">Learn more</a></div>
<!-- /wp:button --></div>
<!-- /wp:buttons --></div>
<!-- /wp:column --></div>
<!-- /wp:columns --></div></div>
<!-- /wp:cover -->]]></content:encoded>
  <excerpt:encoded><![CDATA[]]></excerpt:encoded>
  <wp:post_id>3</wp:post_id>
  <wp:post_date>2022-04-03 23:53:28</wp:post_date>
  <wp:post_date_gmt>2022-04-03 18:23:28</wp:post_date_gmt>
  <wp:post_modified>2022-04-03 23:53:30</wp:post_modified>
  <wp:post_modified_gmt>2022-04-03 18:23:30</wp:post_modified_gmt>
  <wp:comment_status>closed</wp:comment_status>
  <wp:ping_status>closed</wp:ping_status>
  <wp:post_name>home</wp:post_name>
  <wp:status>publish</wp:status>
  <wp:post_parent>0</wp:post_parent>
  <wp:menu_order>1</wp:menu_order>
  <wp:post_type>page</wp:post_type>
  <wp:post_password/>
  <wp:is_sticky>0</wp:is_sticky>
  <wp:postmeta>
    <wp:meta_key>sharing_disabled</wp:meta_key>
    <wp:meta_value><![CDATA[a:1:{i:0;N;}]]></wp:meta_value>
  </wp:postmeta>
  <wp:postmeta>
    <wp:meta_key>switch_like_status</wp:meta_key>
    <wp:meta_value><![CDATA[a:1:{i:0;N;}]]></wp:meta_value>
  </wp:postmeta>
  <wp:postmeta>
    <wp:meta_key>_starter_page_template</wp:meta_key>
    <wp:meta_value><![CDATA[]]></wp:meta_value>
  </wp:postmeta>
  <wp:postmeta>
    <wp:meta_key>_publicize_pending</wp:meta_key>
    <wp:meta_value><![CDATA[1]]></wp:meta_value>
  </wp:postmeta>
  <wp:postmeta>
    <wp:meta_key>_rest_api_published</wp:meta_key>
    <wp:meta_value><![CDATA[1]]></wp:meta_value>
  </wp:postmeta>
  <wp:postmeta>
    <wp:meta_key>_rest_api_client_id</wp:meta_key>
    <wp:meta_value><![CDATA[2697]]></wp:meta_value>
  </wp:postmeta>
</item>
<item>
  <title><![CDATA[Blog]]></title>
  <link>http://proinfosoft.data.blog/blog/</link>
  <pubDate>Sun, 03 Apr 2022 16:37:31 +0000</pubDate>
  <dc:creator>srishmatunki81</dc:creator>
  <guid isPermaLink="false">https://proinfosoftdata.wordpress.com/blog/</guid>
  <description/>
  <content:encoded><![CDATA[]]></content:encoded>
  <excerpt:encoded><![CDATA[]]></excerpt:encoded>
  <wp:post_id>4</wp:post_id>
  <wp:post_date>2022-04-03 17:37:31</wp:post_date>
  <wp:post_date_gmt>2022-04-03 16:37:31</wp:post_date_gmt>
  <wp:post_modified>2022-04-03 17:37:31</wp:post_modified>
  <wp:post_modified_gmt>2022-04-03 16:37:31</wp:post_modified_gmt>
  <wp:comment_status>closed</wp:comment_status>
  <wp:ping_status>closed</wp:ping_status>
  <wp:post_name>blog</wp:post_name>
  <wp:status>publish</wp:status>
  <wp:post_parent>0</wp:post_parent>
  <wp:menu_order>0</wp:menu_order>
  <wp:post_type>page</wp:post_type>
  <wp:post_password/>
  <wp:is_sticky>0</wp:is_sticky>
  <wp:postmeta>
    <wp:meta_key>sharing_disabled</wp:meta_key>
    <wp:meta_value><![CDATA[a:1:{i:0;N;}]]></wp:meta_value>
  </wp:postmeta>
  <wp:postmeta>
    <wp:meta_key>switch_like_status</wp:meta_key>
    <wp:meta_value><![CDATA[a:1:{i:0;N;}]]></wp:meta_value>
  </wp:postmeta>
  <wp:postmeta>
    <wp:meta_key>_headstart_post</wp:meta_key>
    <wp:meta_value><![CDATA[_hs_blog_page]]></wp:meta_value>
  </wp:postmeta>
  <wp:postmeta>
    <wp:meta_key>_starter_page_template</wp:meta_key>
    <wp:meta_value><![CDATA[blog]]></wp:meta_value>
  </wp:postmeta>
  <wp:postmeta>
    <wp:meta_key>_wpas_skip_all_services</wp:meta_key>
    <wp:meta_value><![CDATA[1]]></wp:meta_value>
  </wp:postmeta>
  <wp:postmeta>
    <wp:meta_key>_publicize_pending</wp:meta_key>
    <wp:meta_value><![CDATA[1]]></wp:meta_value>
  </wp:postmeta>
  <wp:postmeta>
    <wp:meta_key>_checklist_post_type</wp:meta_key>
    <wp:meta_value><![CDATA[_hs_blog_page]]></wp:meta_value>
  </wp:postmeta>
</item>
<item>
  <title><![CDATA[wp-1649006217954]]></title>
  <link>http://proinfosoft.data.blog/2022/04/03/making-clay-pots/wp-1649006217954/</link>
  <pubDate>Sun, 03 Apr 2022 17:17:33 +0000</pubDate>
  <dc:creator>srishmatunki81</dc:creator>
  <guid isPermaLink="false">http://proinfosoftdata.files.wordpress.com/2022/04/wp-1649006217954.gif</guid>
  <description/>
  <content:encoded><![CDATA[]]></content:encoded>
  <excerpt:encoded><![CDATA[]]></excerpt:encoded>
  <wp:post_id>10</wp:post_id>
  <wp:post_date>2022-04-03 22:47:33</wp:post_date>
  <wp:post_date_gmt>2022-04-03 17:17:33</wp:post_date_gmt>
  <wp:post_modified>2022-04-03 23:48:40</wp:post_modified>
  <wp:post_modified_gmt>2022-04-03 18:18:40</wp:post_modified_gmt>
  <wp:comment_status>open</wp:comment_status>
  <wp:ping_status>closed</wp:ping_status>
  <wp:post_name>wp-1649006217954</wp:post_name>
  <wp:status>inherit</wp:status>
  <wp:post_parent>18</wp:post_parent>
  <wp:menu_order>0</wp:menu_order>
  <wp:post_type>attachment</wp:post_type>
  <wp:post_password/>
  <wp:is_sticky>0</wp:is_sticky>
  <wp:attachment_url>https://proinfosoftdata.files.wordpress.com/2022/04/wp-1649006217954.gif</wp:attachment_url>
  <wp:postmeta>
    <wp:meta_key>_wp_attached_file</wp:meta_key>
    <wp:meta_value><![CDATA[/home/wpcom/public_html/wp-content/blogs.dir/350/204915016/files/2022/04/wp-1649006217954.gif]]></wp:meta_value>
  </wp:postmeta>
  <wp:postmeta>
    <wp:meta_key>_wp_attachment_metadata</wp:meta_key>
    <wp:meta_value><![CDATA[a:6:{s:5:"width";i:498;s:6:"height";i:255;s:4:"file";s:93:"/home/wpcom/public_html/wp-content/blogs.dir/350/204915016/files/2022/04/wp-1649006217954.gif";s:5:"sizes";a:0:{}s:10:"image_meta";a:12:{s:8:"aperture";s:1:"0";s:6:"credit";s:0:"";s:6:"camera";s:0:"";s:7:"caption";s:0:"";s:17:"created_timestamp";s:1:"0";s:9:"copyright";s:0:"";s:12:"focal_length";s:1:"0";s:3:"iso";s:1:"0";s:13:"shutter_speed";s:1:"0";s:5:"title";s:0:"";s:11:"orientation";s:1:"0";s:8:"keywords";a:0:{}}s:8:"filesize";i:5555018;}]]></wp:meta_value>
  </wp:postmeta>
</item>
<item>
  <title><![CDATA[a white vase on top of a bookcase]]></title>
  <link>http://proinfosoft.data.blog/pexels-photo-6956501/</link>
  <pubDate>Sun, 03 Apr 2022 17:38:44 +0000</pubDate>
  <dc:creator>srishmatunki81</dc:creator>
  <guid isPermaLink="false">http://proinfosoftdata.files.wordpress.com/2022/04/pexels-photo-6956501.jpeg</guid>
  <description/>
  <content:encoded><![CDATA[]]></content:encoded>
  <excerpt:encoded><![CDATA[]]></excerpt:encoded>
  <wp:post_id>11</wp:post_id>
  <wp:post_date>2022-04-03 23:08:44</wp:post_date>
  <wp:post_date_gmt>2022-04-03 17:38:44</wp:post_date_gmt>
  <wp:post_modified>2022-04-03 23:08:44</wp:post_modified>
  <wp:post_modified_gmt>2022-04-03 17:38:44</wp:post_modified_gmt>
  <wp:comment_status>open</wp:comment_status>
  <wp:ping_status>closed</wp:ping_status>
  <wp:post_name>pexels-photo-6956501</wp:post_name>
  <wp:status>inherit</wp:status>
  <wp:post_parent>0</wp:post_parent>
  <wp:menu_order>0</wp:menu_order>
  <wp:post_type>attachment</wp:post_type>
  <wp:post_password/>
  <wp:is_sticky>0</wp:is_sticky>
  <wp:attachment_url>https://proinfosoftdata.files.wordpress.com/2022/04/pexels-photo-6956501.jpeg</wp:attachment_url>
  <wp:postmeta>
    <wp:meta_key>_wp_attached_file</wp:meta_key>
    <wp:meta_value><![CDATA[/home/wpcom/public_html/wp-content/blogs.dir/350/204915016/files/2022/04/pexels-photo-6956501.jpeg]]></wp:meta_value>
  </wp:postmeta>
  <wp:postmeta>
    <wp:meta_key>_wp_attachment_metadata</wp:meta_key>
    <wp:meta_value><![CDATA[a:6:{s:5:"width";i:867;s:6:"height";i:1300;s:4:"file";s:98:"/home/wpcom/public_html/wp-content/blogs.dir/350/204915016/files/2022/04/pexels-photo-6956501.jpeg";s:5:"sizes";a:0:{}s:10:"image_meta";a:12:{s:8:"aperture";s:1:"0";s:6:"credit";s:0:"";s:6:"camera";s:0:"";s:7:"caption";s:0:"";s:17:"created_timestamp";s:1:"0";s:9:"copyright";s:0:"";s:12:"focal_length";s:1:"0";s:3:"iso";s:1:"0";s:13:"shutter_speed";s:1:"0";s:5:"title";s:0:"";s:11:"orientation";s:1:"0";s:8:"keywords";a:0:{}}s:8:"filesize";i:45643;}]]></wp:meta_value>
  </wp:postmeta>
</item>
<item>
  <title><![CDATA[white sauce on bowl with biscuits on side]]></title>
  <link>http://proinfosoft.data.blog/pexels-photo-1096896/</link>
  <pubDate>Sun, 03 Apr 2022 17:42:05 +0000</pubDate>
  <dc:creator>srishmatunki81</dc:creator>
  <guid isPermaLink="false">http://proinfosoftdata.files.wordpress.com/2022/04/pexels-photo-1096896.jpeg</guid>
  <description/>
  <content:encoded><![CDATA[]]></content:encoded>
  <excerpt:encoded><![CDATA[]]></excerpt:encoded>
  <wp:post_id>12</wp:post_id>
  <wp:post_date>2022-04-03 23:12:05</wp:post_date>
  <wp:post_date_gmt>2022-04-03 17:42:05</wp:post_date_gmt>
  <wp:post_modified>2022-04-03 23:12:05</wp:post_modified>
  <wp:post_modified_gmt>2022-04-03 17:42:05</wp:post_modified_gmt>
  <wp:comment_status>open</wp:comment_status>
  <wp:ping_status>closed</wp:ping_status>
  <wp:post_name>pexels-photo-1096896</wp:post_name>
  <wp:status>inherit</wp:status>
  <wp:post_parent>0</wp:post_parent>
  <wp:menu_order>0</wp:menu_order>
  <wp:post_type>attachment</wp:post_type>
  <wp:post_password/>
  <wp:is_sticky>0</wp:is_sticky>
  <wp:attachment_url>https://proinfosoftdata.files.wordpress.com/2022/04/pexels-photo-1096896.jpeg</wp:attachment_url>
  <wp:postmeta>
    <wp:meta_key>_wp_attached_file</wp:meta_key>
    <wp:meta_value><![CDATA[/home/wpcom/public_html/wp-content/blogs.dir/350/204915016/files/2022/04/pexels-photo-1096896.jpeg]]></wp:meta_value>
  </wp:postmeta>
  <wp:postmeta>
    <wp:meta_key>_wp_attachment_metadata</wp:meta_key>
    <wp:meta_value><![CDATA[a:6:{s:5:"width";i:1880;s:6:"height";i:1253;s:4:"file";s:98:"/home/wpcom/public_html/wp-content/blogs.dir/350/204915016/files/2022/04/pexels-photo-1096896.jpeg";s:5:"sizes";a:0:{}s:10:"image_meta";a:12:{s:8:"aperture";s:1:"0";s:6:"credit";s:0:"";s:6:"camera";s:0:"";s:7:"caption";s:0:"";s:17:"created_timestamp";s:1:"0";s:9:"copyright";s:0:"";s:12:"focal_length";s:1:"0";s:3:"iso";s:1:"0";s:13:"shutter_speed";s:1:"0";s:5:"title";s:0:"";s:11:"orientation";s:1:"0";s:8:"keywords";a:0:{}}s:8:"filesize";i:180520;}]]></wp:meta_value>
  </wp:postmeta>
</item>
<item>
  <title><![CDATA[image_editor_output_image276788142-1649007765897]]></title>
  <link>http://proinfosoft.data.blog/2022/04/03/making-clay-pots/image_editor_output_image276788142-1649007765897/</link>
  <pubDate>Sun, 03 Apr 2022 17:43:02 +0000</pubDate>
  <dc:creator>srishmatunki81</dc:creator>
  <guid isPermaLink="false">http://proinfosoftdata.files.wordpress.com/2022/04/image_editor_output_image276788142-1649007765897.jpeg</guid>
  <description/>
  <content:encoded><![CDATA[]]></content:encoded>
  <excerpt:encoded><![CDATA[]]></excerpt:encoded>
  <wp:post_id>13</wp:post_id>
  <wp:post_date>2022-04-03 23:13:02</wp:post_date>
  <wp:post_date_gmt>2022-04-03 17:43:02</wp:post_date_gmt>
  <wp:post_modified>2022-04-03 23:48:40</wp:post_modified>
  <wp:post_modified_gmt>2022-04-03 18:18:40</wp:post_modified_gmt>
  <wp:comment_status>open</wp:comment_status>
  <wp:ping_status>closed</wp:ping_status>
  <wp:post_name>image_editor_output_image276788142-1649007765897</wp:post_name>
  <wp:status>inherit</wp:status>
  <wp:post_parent>18</wp:post_parent>
  <wp:menu_order>0</wp:menu_order>
  <wp:post_type>attachment</wp:post_type>
  <wp:post_password/>
  <wp:is_sticky>0</wp:is_sticky>
  <wp:attachment_url>https://proinfosoftdata.files.wordpress.com/2022/04/image_editor_output_image276788142-1649007765897.jpeg</wp:attachment_url>
  <wp:postmeta>
    <wp:meta_key>_wp_attached_file</wp:meta_key>
    <wp:meta_value><![CDATA[/home/wpcom/public_html/wp-content/blogs.dir/350/204915016/files/2022/04/image_editor_output_image276788142-1649007765897.jpeg]]></wp:meta_value>
  </wp:postmeta>
  <wp:postmeta>
    <wp:meta_key>_wp_attachment_metadata</wp:meta_key>
    <wp:meta_value><![CDATA[a:6:{s:5:"width";i:604;s:6:"height";i:764;s:4:"file";s:126:"/home/wpcom/public_html/wp-content/blogs.dir/350/204915016/files/2022/04/image_editor_output_image276788142-1649007765897.jpeg";s:5:"sizes";a:0:{}s:10:"image_meta";a:12:{s:8:"aperture";s:1:"0";s:6:"credit";s:0:"";s:6:"camera";s:0:"";s:7:"caption";s:0:"";s:17:"created_timestamp";s:1:"0";s:9:"copyright";s:0:"";s:12:"focal_length";s:1:"0";s:3:"iso";s:1:"0";s:13:"shutter_speed";s:1:"0";s:5:"title";s:0:"";s:11:"orientation";s:1:"0";s:8:"keywords";a:0:{}}s:8:"filesize";i:117058;}]]></wp:meta_value>
  </wp:postmeta>
</item>
<item>
  <title><![CDATA[brown clay pot in the corner of white concrete wall]]></title>
  <link>http://proinfosoft.data.blog/pexels-photo-7902913/</link>
  <pubDate>Sun, 03 Apr 2022 18:08:54 +0000</pubDate>
  <dc:creator>srishmatunki81</dc:creator>
  <guid isPermaLink="false">http://proinfosoftdata.files.wordpress.com/2022/04/pexels-photo-7902913.jpeg</guid>
  <description/>
  <content:encoded><![CDATA[]]></content:encoded>
  <excerpt:encoded><![CDATA[]]></excerpt:encoded>
  <wp:post_id>14</wp:post_id>
  <wp:post_date>2022-04-03 23:38:54</wp:post_date>
  <wp:post_date_gmt>2022-04-03 18:08:54</wp:post_date_gmt>
  <wp:post_modified>2022-04-03 23:38:55</wp:post_modified>
  <wp:post_modified_gmt>2022-04-03 18:08:55</wp:post_modified_gmt>
  <wp:comment_status>open</wp:comment_status>
  <wp:ping_status>closed</wp:ping_status>
  <wp:post_name>pexels-photo-7902913</wp:post_name>
  <wp:status>inherit</wp:status>
  <wp:post_parent>0</wp:post_parent>
  <wp:menu_order>0</wp:menu_order>
  <wp:post_type>attachment</wp:post_type>
  <wp:post_password/>
  <wp:is_sticky>0</wp:is_sticky>
  <wp:attachment_url>https://proinfosoftdata.files.wordpress.com/2022/04/pexels-photo-7902913.jpeg</wp:attachment_url>
  <wp:postmeta>
    <wp:meta_key>_wp_attached_file</wp:meta_key>
    <wp:meta_value><![CDATA[/home/wpcom/public_html/wp-content/blogs.dir/350/204915016/files/2022/04/pexels-photo-7902913.jpeg]]></wp:meta_value>
  </wp:postmeta>
  <wp:postmeta>
    <wp:meta_key>_wp_attachment_metadata</wp:meta_key>
    <wp:meta_value><![CDATA[a:6:{s:5:"width";i:867;s:6:"height";i:1300;s:4:"file";s:98:"/home/wpcom/public_html/wp-content/blogs.dir/350/204915016/files/2022/04/pexels-photo-7902913.jpeg";s:5:"sizes";a:0:{}s:10:"image_meta";a:12:{s:8:"aperture";s:1:"0";s:6:"credit";s:0:"";s:6:"camera";s:0:"";s:7:"caption";s:0:"";s:17:"created_timestamp";s:1:"0";s:9:"copyright";s:0:"";s:12:"focal_length";s:1:"0";s:3:"iso";s:1:"0";s:13:"shutter_speed";s:1:"0";s:5:"title";s:0:"";s:11:"orientation";s:1:"0";s:8:"keywords";a:0:{}}s:8:"filesize";i:89137;}]]></wp:meta_value>
  </wp:postmeta>
</item>
<item>
  <title><![CDATA[istockphoto-995448252-612x612]]></title>
  <link>http://proinfosoft.data.blog/2022/04/03/making-clay-pots/an-old-clay-jug-with-large-cracks-stands-on-the-shelf/</link>
  <pubDate>Sun, 03 Apr 2022 18:10:56 +0000</pubDate>
  <dc:creator>srishmatunki81</dc:creator>
  <guid isPermaLink="false">http://proinfosoftdata.files.wordpress.com/2022/04/istockphoto-995448252-612x612-1.jpg</guid>
  <description/>
  <content:encoded><![CDATA[]]></content:encoded>
  <excerpt:encoded><![CDATA[an old clay jug with large cracks stands on the shelf]]></excerpt:encoded>
  <wp:post_id>15</wp:post_id>
  <wp:post_date>2022-04-03 23:40:56</wp:post_date>
  <wp:post_date_gmt>2022-04-03 18:10:56</wp:post_date_gmt>
  <wp:post_modified>2022-04-03 23:48:40</wp:post_modified>
  <wp:post_modified_gmt>2022-04-03 18:18:40</wp:post_modified_gmt>
  <wp:comment_status>open</wp:comment_status>
  <wp:ping_status>closed</wp:ping_status>
  <wp:post_name>an-old-clay-jug-with-large-cracks-stands-on-the-shelf</wp:post_name>
  <wp:status>inherit</wp:status>
  <wp:post_parent>18</wp:post_parent>
  <wp:menu_order>0</wp:menu_order>
  <wp:post_type>attachment</wp:post_type>
  <wp:post_password/>
  <wp:is_sticky>0</wp:is_sticky>
  <wp:attachment_url>https://proinfosoftdata.files.wordpress.com/2022/04/istockphoto-995448252-612x612-1.jpg</wp:attachment_url>
  <wp:postmeta>
    <wp:meta_key>_wp_attached_file</wp:meta_key>
    <wp:meta_value><![CDATA[/home/wpcom/public_html/wp-content/blogs.dir/350/204915016/files/2022/04/istockphoto-995448252-612x612-1.jpg]]></wp:meta_value>
  </wp:postmeta>
  <wp:postmeta>
    <wp:meta_key>_wp_attachment_metadata</wp:meta_key>
    <wp:meta_value><![CDATA[a:6:{s:5:"width";i:612;s:6:"height";i:408;s:4:"file";s:108:"/home/wpcom/public_html/wp-content/blogs.dir/350/204915016/files/2022/04/istockphoto-995448252-612x612-1.jpg";s:5:"sizes";a:0:{}s:10:"image_meta";a:12:{s:8:"aperture";s:1:"0";s:6:"credit";s:24:"Getty Images/iStockphoto";s:6:"camera";s:0:"";s:7:"caption";s:53:"an old clay jug with large cracks stands on the shelf";s:17:"created_timestamp";s:1:"0";s:9:"copyright";s:0:"";s:12:"focal_length";s:1:"0";s:3:"iso";s:1:"0";s:13:"shutter_speed";s:1:"0";s:5:"title";s:53:"an old clay jug with large cracks stands on the shelf";s:11:"orientation";s:1:"0";s:8:"keywords";a:0:{}}s:8:"filesize";i:27869;}]]></wp:meta_value>
  </wp:postmeta>
</item>
<item>
  <title><![CDATA[person making clay pot]]></title>
  <link>http://proinfosoft.data.blog/pexels-photo-4706134/</link>
  <pubDate>Sun, 03 Apr 2022 18:12:28 +0000</pubDate>
  <dc:creator>srishmatunki81</dc:creator>
  <guid isPermaLink="false">http://proinfosoftdata.files.wordpress.com/2022/04/pexels-photo-4706134.jpeg</guid>
  <description/>
  <content:encoded><![CDATA[]]></content:encoded>
  <excerpt:encoded><![CDATA[]]></excerpt:encoded>
  <wp:post_id>16</wp:post_id>
  <wp:post_date>2022-04-03 23:42:28</wp:post_date>
  <wp:post_date_gmt>2022-04-03 18:12:28</wp:post_date_gmt>
  <wp:post_modified>2022-04-03 23:42:29</wp:post_modified>
  <wp:post_modified_gmt>2022-04-03 18:12:29</wp:post_modified_gmt>
  <wp:comment_status>open</wp:comment_status>
  <wp:ping_status>closed</wp:ping_status>
  <wp:post_name>pexels-photo-4706134</wp:post_name>
  <wp:status>inherit</wp:status>
  <wp:post_parent>0</wp:post_parent>
  <wp:menu_order>0</wp:menu_order>
  <wp:post_type>attachment</wp:post_type>
  <wp:post_password/>
  <wp:is_sticky>0</wp:is_sticky>
  <wp:attachment_url>https://proinfosoftdata.files.wordpress.com/2022/04/pexels-photo-4706134.jpeg</wp:attachment_url>
  <wp:postmeta>
    <wp:meta_key>_wp_attached_file</wp:meta_key>
    <wp:meta_value><![CDATA[/home/wpcom/public_html/wp-content/blogs.dir/350/204915016/files/2022/04/pexels-photo-4706134.jpeg]]></wp:meta_value>
  </wp:postmeta>
  <wp:postmeta>
    <wp:meta_key>_wp_attachment_metadata</wp:meta_key>
    <wp:meta_value><![CDATA[a:6:{s:5:"width";i:867;s:6:"height";i:1300;s:4:"file";s:98:"/home/wpcom/public_html/wp-content/blogs.dir/350/204915016/files/2022/04/pexels-photo-4706134.jpeg";s:5:"sizes";a:0:{}s:10:"image_meta";a:12:{s:8:"aperture";s:1:"0";s:6:"credit";s:0:"";s:6:"camera";s:0:"";s:7:"caption";s:0:"";s:17:"created_timestamp";s:1:"0";s:9:"copyright";s:0:"";s:12:"focal_length";s:1:"0";s:3:"iso";s:1:"0";s:13:"shutter_speed";s:1:"0";s:5:"title";s:0:"";s:11:"orientation";s:1:"0";s:8:"keywords";a:0:{}}s:8:"filesize";i:87983;}]]></wp:meta_value>
  </wp:postmeta>
</item>
<item>
  <title><![CDATA[image_editor_output_image1946565414-1649009565838]]></title>
  <link>http://proinfosoft.data.blog/2022/04/03/making-clay-pots/image_editor_output_image1946565414-1649009565838/</link>
  <pubDate>Sun, 03 Apr 2022 18:13:02 +0000</pubDate>
  <dc:creator>srishmatunki81</dc:creator>
  <guid isPermaLink="false">http://proinfosoftdata.files.wordpress.com/2022/04/image_editor_output_image1946565414-1649009565838.jpeg</guid>
  <description/>
  <content:encoded><![CDATA[]]></content:encoded>
  <excerpt:encoded><![CDATA[]]></excerpt:encoded>
  <wp:post_id>17</wp:post_id>
  <wp:post_date>2022-04-03 23:43:02</wp:post_date>
  <wp:post_date_gmt>2022-04-03 18:13:02</wp:post_date_gmt>
  <wp:post_modified>2022-04-03 23:48:40</wp:post_modified>
  <wp:post_modified_gmt>2022-04-03 18:18:40</wp:post_modified_gmt>
  <wp:comment_status>open</wp:comment_status>
  <wp:ping_status>closed</wp:ping_status>
  <wp:post_name>image_editor_output_image1946565414-1649009565838</wp:post_name>
  <wp:status>inherit</wp:status>
  <wp:post_parent>18</wp:post_parent>
  <wp:menu_order>0</wp:menu_order>
  <wp:post_type>attachment</wp:post_type>
  <wp:post_password/>
  <wp:is_sticky>0</wp:is_sticky>
  <wp:attachment_url>https://proinfosoftdata.files.wordpress.com/2022/04/image_editor_output_image1946565414-1649009565838.jpeg</wp:attachment_url>
  <wp:postmeta>
    <wp:meta_key>_wp_attached_file</wp:meta_key>
    <wp:meta_value><![CDATA[/home/wpcom/public_html/wp-content/blogs.dir/350/204915016/files/2022/04/image_editor_output_image1946565414-1649009565838.jpeg]]></wp:meta_value>
  </wp:postmeta>
  <wp:postmeta>
    <wp:meta_key>_wp_attachment_metadata</wp:meta_key>
    <wp:meta_value><![CDATA[a:6:{s:5:"width";i:855;s:6:"height";i:926;s:4:"file";s:127:"/home/wpcom/public_html/wp-content/blogs.dir/350/204915016/files/2022/04/image_editor_output_image1946565414-1649009565838.jpeg";s:5:"sizes";a:0:{}s:10:"image_meta";a:12:{s:8:"aperture";s:1:"0";s:6:"credit";s:0:"";s:6:"camera";s:0:"";s:7:"caption";s:0:"";s:17:"created_timestamp";s:1:"0";s:9:"copyright";s:0:"";s:12:"focal_length";s:1:"0";s:3:"iso";s:1:"0";s:13:"shutter_speed";s:1:"0";s:5:"title";s:0:"";s:11:"orientation";s:1:"0";s:8:"keywords";a:0:{}}s:8:"filesize";i:359560;}]]></wp:meta_value>
  </wp:postmeta>
</item>
<item>
  <title><![CDATA[Making clay pots]]></title>
  <link>http://proinfosoft.data.blog/2022/04/03/making-clay-pots/</link>
  <pubDate>Sun, 03 Apr 2022 18:18:31 +0000</pubDate>
  <dc:creator>srishmatunki81</dc:creator>
  <guid isPermaLink="false">http://proinfosoft.data.blog/2022/04/03/making-clay-pots/</guid>
  <description/>
  <content:encoded><![CDATA[<!-- wp:paragraph -->
<p>Generally many people think that I can buy a clay pot without any effort.</p>
<!-- /wp:paragraph -->

<!-- wp:paragraph -->
<p><strong>WHAT IS THE NEED OF MAKING OWN POTS??</strong></p>
<!-- /wp:paragraph -->

<!-- wp:paragraph -->
<p>But the nearest truth from the past times is we can make our own clay pots and find a very creative of happiness in our body.</p>
<!-- /wp:paragraph -->

<!-- wp:paragraph -->
<p>By making our own pots we can give a guarantee that there is any other mixing of soils in the pot which we made off.</p>
<!-- /wp:paragraph -->

<!-- wp:image {"id":17,"sizeSlug":"large"} -->
<figure class="wp-block-image size-large"><img src="https://proinfosoftdata.files.wordpress.com/2022/04/image_editor_output_image1946565414-1649009565838.jpeg?w=855" alt="" class="wp-image-17" /><figcaption>Finite clay pot</figcaption></figure>
<!-- /wp:image -->

<!-- wp:paragraph -->
<p><strong>Procedure to make our own pots:</strong></p>
<!-- /wp:paragraph -->

<!-- wp:paragraph -->
<p>Firstly,take a paper and a pen and design a figure of pot which procures in your mind.</p>
<!-- /wp:paragraph -->

<!-- wp:paragraph -->
<p>Next,take an amount of clay from the surrounding villages or ponds available nearby you.</p>
<!-- /wp:paragraph -->

<!-- wp:paragraph -->
<p>The third one is preparing the clay at certain temperature by applying water to it.Due to this the clay should be fit for being strong enough.</p>
<!-- /wp:paragraph -->

<!-- wp:paragraph -->
<p>Then,place the clay at the centre of a wheel and spin it make the clay structure by applying water to its sides.The pot looks like a fine cream structure and the excess clay should be removed to become a finite structure.</p>
<!-- /wp:paragraph -->

<!-- wp:image {"id":10,"sizeSlug":"large"} -->
<figure class="wp-block-image size-large"><img src="https://proinfosoftdata.files.wordpress.com/2022/04/wp-1649006217954.gif?w=498" alt="" class="wp-image-10" /><figcaption>Pot making structure </figcaption></figure>
<!-- /wp:image -->

<!-- wp:paragraph -->
<p>The last step is after finishing a finite structure of a pot use a string to cut piece of  the hump(the bottom finite portion of the pot). So it should be kept under the sun for a couple of minutes after that a finite coating of resigns or oil should be coated on the surface of the pot.</p>
<!-- /wp:paragraph -->

<!-- wp:paragraph -->
<p>The excess clay present on the wheel should be removed or added to  clay to create another pot.</p>
<!-- /wp:paragraph -->

<!-- wp:paragraph -->
<p><strong>Advantages</strong>:</p>
<!-- /wp:paragraph -->

<!-- wp:paragraph -->
<p>1.We can store many varieties of foods in the pots.These can also be used as preservatives of pickels,cued etc...</p>
<!-- /wp:paragraph -->

<!-- wp:paragraph -->
<p>2.These are used for home and decor purposes too.</p>
<!-- /wp:paragraph -->

<!-- wp:paragraph -->
<p>3.Imstead of refrigerators we can store the food in pots during summer. The food doesn't spoil easily.It is used for the storage of cool water.</p>
<!-- /wp:paragraph -->

<!-- wp:image {"id":13,"sizeSlug":"large"} -->
<figure class="wp-block-image size-large"><img src="https://proinfosoftdata.files.wordpress.com/2022/04/image_editor_output_image276788142-1649007765897.jpeg?w=604" alt="" class="wp-image-13" /><figcaption>Home and decor</figcaption></figure>
<!-- /wp:image -->

<!-- wp:image {"id":12,"sizeSlug":"large"} -->
<figure class="wp-block-image size-large"><img src="https://proinfosoftdata.files.wordpress.com/2022/04/pexels-photo-1096896.jpeg?w=1024" alt="" class="wp-image-12" /><figcaption>Yogurt storage</figcaption></figure>
<!-- /wp:image -->

<!-- wp:paragraph -->
<p><strong>Disadvantages</strong>:</p>
<!-- /wp:paragraph -->

<!-- wp:paragraph -->
<p>1The main disadvantage is it could break easily if it has unsufficient clay to make a pot.It could also break when it falls down very faster.</p>
<!-- /wp:paragraph -->

<!-- wp:paragraph -->
<p>It could also break while preparing the pot too.likewise some little cracks are appeared or the design of the pots  will not be perfect.</p>
<!-- /wp:paragraph -->

<!-- wp:image {"id":15,"sizeSlug":"large"} -->
<figure class="wp-block-image size-large"><img src="https://proinfosoftdata.files.wordpress.com/2022/04/istockphoto-995448252-612x612-1.jpg?w=612" alt="" class="wp-image-15" /><figcaption>Broken pots</figcaption></figure>
<!-- /wp:image -->

<!-- wp:paragraph -->
<p>For more details and queries contact  us on:</p>
<!-- /wp:paragraph -->

<!-- wp:paragraph -->
<p>Gmail: srishmatunki81@gmail.com </p>
<!-- /wp:paragraph -->

<!-- wp:paragraph -->
<p> </p>
<!-- /wp:paragraph -->]]></content:encoded>
  <excerpt:encoded><![CDATA[]]></excerpt:encoded>
  <wp:post_id>18</wp:post_id>
  <wp:post_date>2022-04-03 23:48:31</wp:post_date>
  <wp:post_date_gmt>2022-04-03 18:18:31</wp:post_date_gmt>
  <wp:post_modified>2022-04-03 23:48:31</wp:post_modified>
  <wp:post_modified_gmt>2022-04-03 18:18:31</wp:post_modified_gmt>
  <wp:comment_status>open</wp:comment_status>
  <wp:ping_status>open</wp:ping_status>
  <wp:post_name>making-clay-pots</wp:post_name>
  <wp:status>publish</wp:status>
  <wp:post_parent>0</wp:post_parent>
  <wp:menu_order>0</wp:menu_order>
  <wp:post_type>post</wp:post_type>
  <wp:post_password/>
  <wp:is_sticky>0</wp:is_sticky>
  <category domain="post_tag" nicename="pots"><![CDATA[#pots]]></category>
  <category domain="category" nicename="clay-pots"><![CDATA[clay pots]]></category>
  <wp:postmeta>
    <wp:meta_key>_publicize_job_id</wp:meta_key>
    <wp:meta_value><![CDATA[70958391544]]></wp:meta_value>
  </wp:postmeta>
  <wp:postmeta>
    <wp:meta_key>_rest_api_published</wp:meta_key>
    <wp:meta_value><![CDATA[1]]></wp:meta_value>
  </wp:postmeta>
  <wp:postmeta>
    <wp:meta_key>timeline_notification</wp:meta_key>
    <wp:meta_value><![CDATA[1649009918]]></wp:meta_value>
  </wp:postmeta>
  <wp:postmeta>
    <wp:meta_key>_rest_api_client_id</wp:meta_key>
    <wp:meta_value><![CDATA[2697]]></wp:meta_value>
  </wp:postmeta>
</item>
<item>
  <title><![CDATA[wp-1649010067444]]></title>
  <link>http://proinfosoft.data.blog/wp-1649010067444/</link>
  <pubDate>Sun, 03 Apr 2022 18:21:09 +0000</pubDate>
  <dc:creator>srishmatunki81</dc:creator>
  <guid isPermaLink="false">http://proinfosoftdata.files.wordpress.com/2022/04/wp-1649010067444.jpg</guid>
  <description/>
  <content:encoded><![CDATA[]]></content:encoded>
  <excerpt:encoded><![CDATA[]]></excerpt:encoded>
  <wp:post_id>19</wp:post_id>
  <wp:post_date>2022-04-03 23:51:09</wp:post_date>
  <wp:post_date_gmt>2022-04-03 18:21:09</wp:post_date_gmt>
  <wp:post_modified>2022-04-03 23:51:09</wp:post_modified>
  <wp:post_modified_gmt>2022-04-03 18:21:09</wp:post_modified_gmt>
  <wp:comment_status>open</wp:comment_status>
  <wp:ping_status>closed</wp:ping_status>
  <wp:post_name>wp-1649010067444</wp:post_name>
  <wp:status>inherit</wp:status>
  <wp:post_parent>0</wp:post_parent>
  <wp:menu_order>0</wp:menu_order>
  <wp:post_type>attachment</wp:post_type>
  <wp:post_password/>
  <wp:is_sticky>0</wp:is_sticky>
  <wp:attachment_url>https://proinfosoftdata.files.wordpress.com/2022/04/wp-1649010067444.jpg</wp:attachment_url>
  <wp:postmeta>
    <wp:meta_key>_wp_attached_file</wp:meta_key>
    <wp:meta_value><![CDATA[/home/wpcom/public_html/wp-content/blogs.dir/350/204915016/files/2022/04/wp-1649010067444.jpg]]></wp:meta_value>
  </wp:postmeta>
  <wp:postmeta>
    <wp:meta_key>_wp_attachment_metadata</wp:meta_key>
    <wp:meta_value><![CDATA[a:6:{s:5:"width";i:720;s:6:"height";i:720;s:4:"file";s:93:"/home/wpcom/public_html/wp-content/blogs.dir/350/204915016/files/2022/04/wp-1649010067444.jpg";s:5:"sizes";a:0:{}s:10:"image_meta";a:12:{s:8:"aperture";s:1:"0";s:6:"credit";s:0:"";s:6:"camera";s:0:"";s:7:"caption";s:0:"";s:17:"created_timestamp";s:1:"0";s:9:"copyright";s:0:"";s:12:"focal_length";s:1:"0";s:3:"iso";s:1:"0";s:13:"shutter_speed";s:1:"0";s:5:"title";s:0:"";s:11:"orientation";s:1:"0";s:8:"keywords";a:0:{}}s:8:"filesize";i:56067;}]]></wp:meta_value>
  </wp:postmeta>
</item>
<item>
  <title><![CDATA[IMG_20201029_115021]]></title>
  <link>http://proinfosoft.data.blog/blog-2/img_20201029_115021/</link>
  <pubDate>Sun, 03 Apr 2022 18:25:27 +0000</pubDate>
  <dc:creator>srishmatunki81</dc:creator>
  <guid isPermaLink="false">http://proinfosoftdata.files.wordpress.com/2022/04/img_20201029_115021.jpg</guid>
  <description/>
  <content:encoded><![CDATA[]]></content:encoded>
  <excerpt:encoded><![CDATA[]]></excerpt:encoded>
  <wp:post_id>22</wp:post_id>
  <wp:post_date>2022-04-03 23:55:27</wp:post_date>
  <wp:post_date_gmt>2022-04-03 18:25:27</wp:post_date_gmt>
  <wp:post_modified>2022-04-03 23:57:06</wp:post_modified>
  <wp:post_modified_gmt>2022-04-03 18:27:06</wp:post_modified_gmt>
  <wp:comment_status>open</wp:comment_status>
  <wp:ping_status>closed</wp:ping_status>
  <wp:post_name>img_20201029_115021</wp:post_name>
  <wp:status>inherit</wp:status>
  <wp:post_parent>23</wp:post_parent>
  <wp:menu_order>0</wp:menu_order>
  <wp:post_type>attachment</wp:post_type>
  <wp:post_password/>
  <wp:is_sticky>0</wp:is_sticky>
  <wp:attachment_url>https://proinfosoftdata.files.wordpress.com/2022/04/img_20201029_115021.jpg</wp:attachment_url>
  <wp:postmeta>
    <wp:meta_key>_wp_attached_file</wp:meta_key>
    <wp:meta_value><![CDATA[/home/wpcom/public_html/wp-content/blogs.dir/350/204915016/files/2022/04/img_20201029_115021.jpg]]></wp:meta_value>
  </wp:postmeta>
  <wp:postmeta>
    <wp:meta_key>_wp_attachment_metadata</wp:meta_key>
    <wp:meta_value><![CDATA[a:6:{s:5:"width";i:720;s:6:"height";i:881;s:4:"file";s:96:"/home/wpcom/public_html/wp-content/blogs.dir/350/204915016/files/2022/04/img_20201029_115021.jpg";s:5:"sizes";a:0:{}s:10:"image_meta";a:12:{s:8:"aperture";s:1:"0";s:6:"credit";s:0:"";s:6:"camera";s:0:"";s:7:"caption";s:0:"";s:17:"created_timestamp";s:10:"1602275338";s:9:"copyright";s:0:"";s:12:"focal_length";s:1:"0";s:3:"iso";s:1:"0";s:13:"shutter_speed";s:1:"0";s:5:"title";s:0:"";s:11:"orientation";s:1:"1";s:8:"keywords";a:0:{}}s:8:"filesize";i:240434;}]]></wp:meta_value>
  </wp:postmeta>
</item>
<item>
  <title><![CDATA[Blog]]></title>
  <link>http://proinfosoft.data.blog/blog-2/</link>
  <pubDate>Sun, 03 Apr 2022 18:26:31 +0000</pubDate>
  <dc:creator>srishmatunki81</dc:creator>
  <guid isPermaLink="false">http://proinfosoft.data.blog/blog-2/</guid>
  <description/>
  <content:encoded><![CDATA[<!-- wp:spacer {"height":"60px"} -->
<div style="height:60px;" aria-hidden="true" class="wp-block-spacer"></div>
<!-- /wp:spacer -->

<!-- wp:image {"align":"left","id":22,"sizeSlug":"large","linkDestination":"none","className":"is-style-rounded"} -->
<div class="wp-block-image is-style-rounded"><figure class="alignleft size-large"><img src="https://proinfosoftdata.files.wordpress.com/2022/04/img_20201029_115021.jpg?w=720" alt="" class="wp-image-22" /></figure></div>
<!-- /wp:image -->

<!-- wp:spacer {"height":"32px"} -->
<div style="height:32px;" aria-hidden="true" class="wp-block-spacer"></div>
<!-- /wp:spacer -->

<!-- wp:heading {"textAlign":"left","level":1} -->
<h1 class="has-text-align-left"><strong>Introduce yourself and your blog</strong></h1>
<!-- /wp:heading -->

<!-- wp:spacer {"height":"32px"} -->
<div style="height:32px;" aria-hidden="true" class="wp-block-spacer"></div>
<!-- /wp:spacer -->

<!-- wp:heading {"textAlign":"left","level":4,"className":"margin-top-half"} -->
<h4 class="has-text-align-left margin-top-half">My Latest Posts</h4>
<!-- /wp:heading -->

<!-- wp:separator {"align":"center","className":"is-style-wide"} -->
<hr class="wp-block-separator aligncenter is-style-wide" />
<!-- /wp:separator -->

<!-- wp:latest-posts {"postsToShow":1,"displayPostContent":true,"displayPostDate":true} /-->

<!-- wp:spacer {"height":"32px"} -->
<div style="height:32px;" aria-hidden="true" class="wp-block-spacer"></div>
<!-- /wp:spacer -->]]></content:encoded>
  <excerpt:encoded><![CDATA[]]></excerpt:encoded>
  <wp:post_id>23</wp:post_id>
  <wp:post_date>2022-04-03 23:56:31</wp:post_date>
  <wp:post_date_gmt>2022-04-03 18:26:31</wp:post_date_gmt>
  <wp:post_modified>2022-04-03 23:56:31</wp:post_modified>
  <wp:post_modified_gmt>2022-04-03 18:26:31</wp:post_modified_gmt>
  <wp:comment_status>closed</wp:comment_status>
  <wp:ping_status>closed</wp:ping_status>
  <wp:post_name>blog-2</wp:post_name>
  <wp:status>publish</wp:status>
  <wp:post_parent>0</wp:post_parent>
  <wp:menu_order>0</wp:menu_order>
  <wp:post_type>page</wp:post_type>
  <wp:post_password/>
  <wp:is_sticky>0</wp:is_sticky>
  <wp:postmeta>
    <wp:meta_key>_publicize_pending</wp:meta_key>
    <wp:meta_value><![CDATA[1]]></wp:meta_value>
  </wp:postmeta>
  <wp:postmeta>
    <wp:meta_key>_rest_api_published</wp:meta_key>
    <wp:meta_value><![CDATA[1]]></wp:meta_value>
  </wp:postmeta>
  <wp:postmeta>
    <wp:meta_key>_rest_api_client_id</wp:meta_key>
    <wp:meta_value><![CDATA[2697]]></wp:meta_value>
  </wp:postmeta>
</item>
  </channel>
</rss>
